{
  "height": 32,
  "width": 80,
  "x": 1246.953125,
  "y": 375.921875
}